attribute,n,mean,sd,se
were women.,75,4.28,2.334002478055147,0.2695073917988785
were under 50 years old.,75,4.493333333333333,2.1708967715653347,0.25067356708922706
were based on the West Coast of the United States.,74,3.3513513513513513,2.173517018802831,0.2526662212053346
worked at a university.,74,5.04054054054054,1.926308053638367,0.22392876272866255
